positive,comparative,superlative
able,abler,ablest
abrupt,abrupter,abruptest
odd,odder,oddest
absent,absenter,absentest
craggy,craggier,craggiest
acid,acider,acidest
german,more german,germanest
crude,cruder,crudest
crap,crapper,crappest
dutch,dutcher,dutchest
open,opener,openest
slow,slower,slowest
big,bigger,biggest
false,falser,falsest
early,earlier,earliest
new,newer,newest
gas,gasser,gassest
french,frencher,frenchest
skill,skiller,skillest
absolute,absoluter,absolutest
abstract,abstracter,abstractest
greek,greeker,greekest
smiley,smilier,smiliest
fuddy-duddy,fuddy-duddier,fuddy-duddiest
baby,baby-er,baby-est
thin,thinner,thinnest
close,closer,closest
small,smaller,smallest
gold,golder,goldest
green,greener,greenest
pink,pinker,pinkest
violet,violeter,violetest
yellow,yellower,yellowest
young,younger,youngest
square,squarer,squarest
naff,naffer,naffest
handsome,handsomer,handsomest
feat,feater,featest
concrete,concreter,concretest
tense,tenser,tensest
yeasty,yeastier,yeastiest
quack,quacker,quackest
bird,birdier,birdiest
thick,thicker,thickest
left,lefter,leftmost
right,righter,rightest
honey,honier,honiest
cold,colder,coldest
hot,hotter,hottest
warm,warmer,warmest
fresh,fresher,freshest
cool,cooler,coolest
quaint,quainter,quaintest
good,better,best
pinky,pinkier,pinkiest
very,verier,veriest
wood,wooder,woodest
remote,remoter,remotest
complete,completer,completest
tan,tanner,tannest
silly,sillier,silliest
boss,bosser,bossest
civil,civiler,civilest
strawberry,strawberrier,strawberriest
hazel,hazeler,hazelest
handy,handier,handiest
bad,worse,worst
kind,kinder,kindest
ben,benner,benmost
sound,sounder,soundest
precise,preciser,precisest
slim,slimmer,slimmest
loose,looser,loosest
hungry,hungrier,hungriest
mass,masser,massest
thither,more thither,thithermost
raspberry,raspberrier,raspberriest
sweet,sweeter,sweetest
drunk,drunker,drunkest
fell,feller,fellest
fallen,more fallen,fallenest
fit,fitter,fittest
fly,flyer,flyest
gone,goner,gonest
inset,further inset,furthest inset
known,better known,best known
lean,leaner,leanest
light,lighter,lightest
meet,meeter,meetest
bog,bogger,boggest
trite,triter,tritest
straight,straighter,straightest
leet,leeter,leetest
bright,brighter,brightest
cheap,cheaper,cheapest
common,commoner,commonest
stick,sticker,stickest
stiff,stiffer,stiffest
swell,sweller,swellest
woke,woker,wokest
wet,wetter,wettest
bitter,bitterer,bitterest
coal,coalier,coaliest
certain,certainer,certainest
clean,cleaner,cleanest
clear,clearer,clearest
dry,dryer,dryest
dirty,dirtier,dirtiest
flat,flatter,flattest
dark,darker,darkest
dead,deader,deadest
low,lower,lowest
tall,taller,tallest
short,shorter,shortest
narrow,narrower,narrowest
high,higher,highest
broad,broader,broadest
solid,solider,solidest
important,importanter,importantest
heavy,heavier,heaviest
far,further,furthermost
near,nearer,nearest
sharp,sharper,sharpest
dull,duller,dullest
old,elder,eldest
smooth,smoother,smoothest
rough,rougher,roughest
many,more,most
cute,cuter,cutest
sorry,sorrier,sorriest
meer,meerer,meerest
bass,basser,bassest
ebb,ebber,ebbest
content,contenter,most content
spoony,spoonier,spooniest
slimy,slimier,slimiest
poor,poorer,poorest
humid,humider,humidest
womanly,womanlier,womanliest
mashy,mashier,mashiest
dank,danker,dankest
unwise,unwiser,unwisest
wee,weer,weest
game,gamer,gamest
avid,avider,avidest
fast,faster,fastest
numb,number,numbest
queer,queerer,queerest
tired,tireder,tiredest
damp,damper,dampest
discreet,discreeter,discreetest
pitch,pitcher,pitchest
untrustworthy,untrustworthier,untrustworthiest
dud,more dud,duddest
better,betterer,betterest
upstairs,further upstairs,furthest upstairs
crazy,crazier,craziest
salty,saltier,saltiest
buggy,buggier,buggiest
modest,modester,modestest
wan,wanner,wannest
twee,tweer,tweest
jaunty,jauntier,jauntiest
well,weller,wellest
lief,liever,lievest
intelligent,intelligenter,intelligentest
vague,vaguer,vaguest
might,mighter,mightest
holy,holier,holiest
plane,planer,planest
weird,weirder,weirdest
strange,stranger,strangest
rash,rasher,rashest
crook,crooker,crookest
cheesy,cheesier,cheesiest
banal,banaler,banalest
morose,moroser,morosest
bald,balder,baldest
cross,crosser,crossest
nice,nicer,nicest
loud,louder,loudest
dumbass,dumberass,dumbestass
strong,stronger,strongest
useless,uselesser,uselessest
zany,zanier,zaniest
wacky,wackier,wackiest
fishy,fishier,fishiest
ginger,gingerer,gingerest
quirky,quirkier,quirkiest
curious,curiouser,curiousest
lofty,loftier,loftiest
sick,sicker,sickest
weak,weaker,weakest
fair,fairer,fairest
horny,hornier,horniest
front,further front,furthest front
pale,paler,palest
hoarse,hoarser,hoarsest
coarse,coarser,coarsest
gaunt,gaunter,gauntest
mug,mugger,muggest
cosy,cosier,cosiest
busy,busier,busiest
pretty,prettier,prettiest
raw,rawer,rawest
nasty,nastier,nastiest
torrid,torrider,torridest
blueberry,blueberrier,blueberriest
puce,pucer,pucest
great,greater,greatest
nude,nuder,nudest
special,specialer,specialest
meek,meeker,meekest
eerie,eerier,eeriest
little,littler,littlest
scanty,scantier,scantiest
hippie,hippier,hippiest
bare,barer,barest
rude,ruder,rudest
rad,radder,raddest
rapid,rapider,rapidest
wack,wacker,wackest
empty,emptier,emptiest
best,better,most best
aery,aerier,aeriest
tender,tenderer,tenderest
arch,archer,archest
obese,obeser,obesest
world-weary,world-wearier,world-weariest
sleepy,sleepier,sleepiest
dandy,dandier,dandiest
stale,staler,stalest
snug,snugger,snuggest
advanced,further advanced,furthest advanced
hasty,hastier,hastiest
aged,further aged,furthest aged
jumpy,jumpier,jumpiest
deluxe,deluxer,deluxest
airy,airier,airiest
fussy,fussier,fussiest
hardy,hardier,hardiest
skinny,skinnier,skinniest
ample,ampler,amplest
trace,more trace,tracest
sketchy,sketchier,sketchiest
fun,funner,funnest
ugly,uglier,ugliest
anxious,anxiouser,anxiousest
niche,nicher,nichest
large,larger,largest
bubbly,bubblier,bubbliest
mighty,mightier,mightiest
bloody,bloodier,bloodiest
leafy,leafier,leafiest
rootsy,rootsier,rootsiest
jolly,jollier,jolliest
hail,hailer,hailest
rusty,rustier,rustiest
bum,bummer,bummest
fluffy,fluffier,fluffiest
stern,sterner,sternest
sour,sourer,sourest
deft,defter,deftest
smart,smarter,smartest
okay,okayer,okayest
trill,triller,trillest
yummy,yummier,yummiest
spruce,sprucer,sprucest
gluggy,gluggier,gluggiest
sexy,sexier,sexiest
pasty,pastier,pastiest
saintly,saintlier,saintliest
vulgar,vulgarer,vulgarest
antique,antiquer,antiquest
chaste,chaster,chastest
ready,readier,readiest
soon,sooner,soonest
bene,benar,benat
royal,royaller,royallest
frank,franker,frankest
wordy,wordier,wordiest
horsey,horsier,horsiest
fab,fabber,fabbest
roomy,roomier,roomiest
flighty,flightier,flightiest
fine,finer,finest
dread,dreader,dreadest
horsy,horsier,horsiest
immense,immenser,immensest
dope,doper,dopest
fade,fader,fadest
pert,perter,pertest
perverse,perverser,perversest
quay,quayer,quayest
mad,madder,maddest
mute,muter,mutest
oily,oilier,oiliest
astute,astuter,astutest
frigid,frigider,frigidest
haunted,more haunted,hauntedest
aware,awarer,awarest
hetty,hettier,hettiest
hollow,hollower,hollowest
nigh,near,next
camp,camper,campest
tacky,tackier,tackiest
whacky,whackier,whackiest
hippy,hippier,hippiest
clammy,clammier,clammiest
jammy,jammier,jammiest
baggy,baggier,baggiest
brainy,brainier,brainiest
serene,serener,serenest
fancy,fancier,fanciest
crappy,crappier,crappiest
nappy,nappier,nappiest
yappy,yappier,yappiest
rare,rarer,rarest
scant,scanter,scantest
deaf,deafer,deafest
whack,whacker,whackest
gassy,gassier,gassiest
sassy,sassier,sassiest
batty,battier,battiest
chatty,chattier,chattiest
fatty,fattier,fattiest
catty,cattier,cattiest
grave,graver,gravest
sweaty,sweatier,sweatiest
lank,lanker,lankest
oblique,obliquer,obliquest
goodly,goodlier,goodliest
fowl,fowler,fowlest
frequent,frequenter,frequentest
googly,googlier,googliest
lonely,lonelier,loneliest
plosive,plosiver,plosivest
rubbish,rubbisher,rubbishest
terse,terser,tersest
feeble,feebler,feeblest
mundane,mundaner,mundanest
tame,tamer,tamest
fuzzy,fuzzier,fuzziest
tricky,trickier,trickiest
murky,murkier,murkiest
foamy,foamier,foamiest
floppy,floppier,floppiest
hip,hipper,hippest
leeward,more leeward,leewardmost
veiny,veinier,veiniest
mild,milder,mildest
soft,softer,softest
sticky,stickier,stickiest
woolly,woollier,woolliest
wooly,woolier,wooliest
daddy,daddier,daddiest
scarce,scarcer,scarcest
late,later,latest
tight,tighter,tightest
level,leveller,levellest
lush,lusher,lushest
sudden,suddener,suddenest
trick,tricker,trickest
slutty,sluttier,sluttiest
glorious,gloriouser,gloriousest
smelly,smellier,smelliest
svelte,svelter,sveltest
dwarf,dwarfer,dwarfest
curt,curter,curtest
ignoble,ignobler,ignoblest
pleasant,pleasanter,pleasantest
prime,primer,primest
sure,surer,surest
goofy,goofier,goofiest
fiery,fierier,fieriest
wild,wilder,wildest
firm,firmer,firmest
swift,swifter,swiftest
tiny,tinier,tiniest
crispy,crispier,crispiest
classy,classier,classiest
vivid,vivider,vividest
hairy,hairier,hairiest
fugly,fuglier,fugliest
dapper,dapperer,dapperest
geeky,geekier,geekiest
iffy,iffier,iffiest
niffy,niffier,niffiest
whiffy,whiffier,whiffiest
figgy,figgier,figgiest
piggy,piggier,piggiest
slinky,slinkier,slinkiest
nippy,nippier,nippiest
balmy,balmier,balmiest
blunt,blunter,bluntest
bristly,bristlier,bristliest
brag,bragger,braggest
blind,blinder,blindest
lazy,lazier,laziest
snobby,snobbier,snobbiest
gobby,gobbier,gobbiest
darling,darlinger,darlingest
limey,limier,limiest
mommy,mommier,mommiest
pongy,pongier,pongiest
songy,songier,songiest
wry,wryer,wryest
doggone,more doggone,doggonest
sandy,sandier,sandiest
ruddy,ruddier,ruddiest
frail,frailer,frailest
zealous,zealouser,zealousest
floury,flourier,flouriest
adept,adepter,adeptest
balky,balkier,balkiest
bandy,bandier,bandiest
brassy,brassier,brassiest
cagey,cagier,cagiest
dickey,dickier,dickiest
duff,duffer,duffest
loamy,loamier,loamiest
lolly,lollier,lolliest
lossy,lossier,lossiest
luxe,luxier,luxiest
mere,merer,merest
ornery,ornerier,orneriest
peaky,peakier,peakiest
plushy,plushier,plushiest
prim,primmer,primmest
prow,prower,prowest
puddly,puddlier,puddliest
ruff,ruffer,ruffest
rutty,ruttier,ruttiest
sage,sager,sagest
sib,sibber,sibbest
skiddy,skiddier,skiddiest
slurry,slurrier,slurriest
snell,sneller,snellest
soy,soyer,soyest
swank,swanker,swankest
tine,tiner,tinest
tuff,tuffer,tuffest
washy,washier,washiest
winy,winier,winiest
withy,withier,withiest
wold,wolder,woldest
mazy,mazier,maziest
strait,straiter,straitest
bait,baiter,baitest
bland,blander,blandest
bleak,bleaker,bleakest
blithe,blither,blithest
bluff,bluffer,bluffest
canny,cannier,canniest
crabby,crabbier,crabbiest
crafty,craftier,craftiest
cranky,crankier,crankiest
crapy,crapier,crapiest
crass,crasser,crassest
crisp,crisper,crispest
drab,drabber,drabbest
drowsy,drowsier,drowsiest
faint,fainter,faintest
flabby,flabbier,flabbiest
flaky,flakier,flakiest
foul,fouler,foulest
gloomy,gloomier,gloomiest
grainy,grainier,grainiest
gritty,grittier,grittiest
hale,haler,halest
hazy,hazier,haziest
indiscreet,indiscreeter,indiscreetest
insane,insaner,insanest
kinky,kinkier,kinkiest
lame,lamer,lamest
lanky,lankier,lankiest
limp,limper,limpest
lithe,lither,lithest
lowly,lowlier,lowliest
neat,neater,neatest
noisy,noisier,noisiest
pappy,pappier,pappiest
patchy,patchier,patchiest
punk,punker,punkest
racy,racier,raciest
rainy,rainier,rainiest
rife,rifer,rifest
ripe,riper,ripest
robust,robuster,robustest
sane,saner,sanest
scabby,scabbier,scabbiest
scaly,scalier,scaliest
scraggy,scraggier,scraggiest
scrappy,scrappier,scrappiest
scratchy,scratchier,scratchiest
shabby,shabbier,shabbiest
shaky,shakier,shakiest
sheen,sheener,sheenest
slack,slacker,slackest
sleek,sleeker,sleekest
sleigh,sleigher,sleighest
slight,slighter,slightest
sly,slyer,slyest
snide,snider,snidest
spare,sparer,sparest
spry,sprier,spriest
staid,staider,staidest
stark,starker,starkest
steep,steeper,steepest
stingy,stingier,stingiest
stout,stouter,stoutest
straightforward,straighterforward,straightestforward
stuffy,stuffier,stuffiest
sober,soberer,soberest
swanky,swankier,swankiest
lewd,lewder,lewdest
shady,shadier,shadiest
shaggy,shaggier,shaggiest
tabby,tabbier,tabbiest
tart,tarter,tartest
tasty,tastier,tastiest
thrifty,thriftier,thriftiest
uncanny,uncannier,uncanniest
uneasy,uneasier,uneasiest
unripe,unriper,unripest
unsound,unsounder,unsoundest
wary,warier,wariest
wavy,wavier,waviest
weighty,weightier,weightiest
clam,clammer,clammest
showy,showier,showiest
worthless,worthlesser,worthlessest
worthy,worthier,worthiest
haughty,haughtier,haughtiest
thumby,thumbier,thumbiest
pubby,pubbier,pubbiest
clubby,clubbier,clubbiest
bluggy,bluggier,bluggiest
muggy,muggier,muggiest
mucky,muckier,muckiest
phoney,phonier,phoniest
phony,phonier,phoniest
kewl,kewler,kewlest
bored,boreder,boredest
bunny,bunnier,bunniest
sunny,sunnier,sunniest
pussy,pussier,pussiest
nerdy,nerdier,nerdiest
purdy,purdier,purdiest
glurgy,glurgier,glurgiest
barmy,barmier,barmiest
spiteful,spitefuller,spitefullest
crunchy,crunchier,crunchiest
snarky,snarkier,snarkiest
squat,squatter,squattest
kindly,kindlier,kindliest
tardy,tardier,tardiest
nelly,nellier,nelliest
porky,porkier,porkiest
dadgum,more dadgum,dadgummest
loose-fitting,looser-fitting,loosest-fitting
savvy,savvier,savviest
crunk,crunker,crunkest
nesh,nesher,neshest
mardy,mardier,mardiest
phat,phatter,phattest
sissy,sissier,sissiest
tawdry,tawdrier,tawdriest
rabid,rabider,rabidest
greedy,greedier,greediest
douce,doucer,doucest
manky,mankier,mankiest
dunny,dunnier,dunniest
grouse,grouser,grousest
marshy,marshier,marshiest
opaque,opaquer,opaquest
candid,candider,candidest
churchy,churchier,churchiest
tranquil,tranquiler,tranquilest
shirty,shirtier,shirtiest
ghastly,ghastlier,ghastliest
timely,timelier,timeliest
lovely,lovelier,loveliest
fore,former,foremost
foggy,foggier,foggiest
edgy,edgier,edgiest
dusk,dusker,duskest
dim,dimmer,dimmest
sordid,sordider,sordidest
rookie,rookier,rookiest
sore,sorer,sorest
cuddly,cuddlier,cuddliest
tipsy,tipsier,tipsiest
rum,rummer,rummest
podgy,podgier,podgiest
wiry,wirier,wiriest
spiffy,spiffier,spiffiest
thingy,thingier,thingiest
surly,surlier,surliest
plain,plainer,plainest
sturdy,sturdier,sturdiest
selfish,selfisher,selfishest
uppity,uppitier,uppitiest
useful,usefuller,usefullest
dense,denser,densest
chiefly,chieflier,chiefliest
fizzy,fizzier,fizziest
gnarly,gnarlier,gnarliest
funny,funnier,funniest
sombre,sombrer,sombrest
splotchy,splotchier,splotchiest
titchy,titchier,titchiest
upper,uppermore,uppermost
plush,plusher,plushest
stroppy,stroppier,stroppiest
woody,woodier,woodiest
shank,shanker,shankest
measly,measlier,measliest
beaut,beauter,beautest
randy,randier,randiest
fond,fonder,fondest
shoal,shoaler,shoalest
fringe,fringer,fringest
wilful,wilfuller,wilfullest
puny,punier,puniest
golden,goldener,goldenest
pallid,pallider,pallidest
bizarre,bizarrer,bizarrest
sensible,more sensible,sensiblest
thirsty,thirstier,thirstiest
untidy,untidier,untidiest
favourite,more favourite,favouritemost
cheerful,cheerfuller,cheerfullest
windy,windier,windiest
queasy,queasier,queasiest
jerky,jerkier,jerkiest
junky,junkier,junkiest
ditzy,ditzier,ditziest
ditsy,ditsier,ditsiest
impudent,impudenter,impudentest
outer,outermore,outermost
catchy,catchier,catchiest
jazzy,jazzier,jazziest
peachy,peachier,peachiest
testy,testier,testiest
loath,loather,loathest
demure,demurer,demurest
clucky,cluckier,cluckiest
lovable,lovabler,lovablest
loveable,loveabler,loveablest
crank,cranker,crankest
chilly,chillier,chilliest
louche,loucher,louchest
dowdy,dowdier,dowdiest
irate,irater,iratest
merry,merrier,merriest
shrewd,shrewder,shrewdest
syrupy,syrupier,syrupiest
paltry,paltrier,paltriest
dodgy,dodgier,dodgiest
parky,parkier,parkiest
faulty,faultier,faultiest
filthy,filthier,filthiest
summery,summerier,summeriest
squiffy,squiffier,squiffiest
furry,furrier,furriest
sarky,sarkier,sarkiest
seldom,seldomer,seldomest
frizzy,frizzier,frizziest
winning,winninger,winningest
daffy,daffier,daffiest
daft,dafter,daftest
knaggy,knaggier,knaggiest
stolid,stolider,stolidest
taut,tauter,tautest
shandy,shandier,shandiest
lively,livelier,liveliest
inner,innermore,innermost
natty,nattier,nattiest
far-flung,further-flung,furthest-flung
coy,coyer,coyest
smug,smugger,smuggest
matey,matier,matiest
bony,bonier,boniest
girly,girlier,girliest
old-fashioned,older-fashioned,oldest-fashioned
greeny,greenier,greeniest
yiffy,yiffier,yiffiest
foofy,foofier,foofiest
swole,swoler,swolest
smarmy,smarmier,smarmiest
homey,homier,homiest
gory,gorier,goriest
tough,tougher,toughest
cloudy,cloudier,cloudiest
spicy,spicier,spiciest
desperate,desperater,desperatest
tidy,tidier,tidiest
squalid,squalider,squalidest
kingly,kinglier,kingliest
knobby,knobbier,knobbiest
zippy,zippier,zippiest
messy,messier,messiest
staunch,stauncher,staunchest
crusty,crustier,crustiest
busty,bustier,bustiest
tawny,tawnier,tawniest
watery,waterier,wateriest
weakly,weaklier,weakliest
weary,wearier,weariest
unseemly,unseemlier,unseemliest
whimsy,whimsier,whimsiest
lang,langer,langest
suave,suaver,suavest
seedy,seedier,seediest
uncommon,uncommoner,uncommonest
witty,wittier,wittiest
droll,droller,drollest
wholesome,wholesomer,wholesomest
wide-angle,wider-angle,widest-angle
flip,flipper,flippest
large-scale,larger-scale,largest-scale
wobbly,wobblier,wobbliest
clingy,clingier,clingiest
chubby,chubbier,chubbiest
wintry,wintrier,wintriest
vicious,viciouser,viciousest
widdle,widdler,widdlest
timid,timider,timidest
choosy,choosier,choosiest
woeful,woefuller,woefullest
dumb,dumber,dumbest
unruly,unrulier,unruliest
flush,flusher,flushest
strappy,strappier,strappiest
uncertain,uncertainer,uncertainest
unclean,uncleaner,uncleanest
high-pitched,higher-pitched,highest-pitched
peaceful,peacefuler,peacefulest
unsure,unsurer,unsurest
hoary,hoarier,hoariest
foxy,foxier,foxiest
hefty,heftier,heftiest
juicy,juicier,juiciest
doozy,doozier,dooziest
woozy,woozier,wooziest
picky,pickier,pickiest
grim,grimmer,grimmest
fusty,fustier,fustiest
glib,glibber,glibbest
sooty,sootier,sootiest
spiny,spinier,spiniest
heady,headier,headiest
crummy,crummier,crummiest
shoddy,shoddier,shoddiest
rosy,rosier,rosiest
frass,frasser,frassest
shrill,shriller,shrillest
clumsy,clumsier,clumsiest
beefy,beefier,beefiest
newsworthy,newsworthier,newsworthiest
noteworthy,noteworthier,noteworthiest
seaworthy,seaworthier,seaworthiest
unworthy,unworthier,unworthiest
kludgy,kludgier,kludgiest
sloppy,sloppier,sloppiest
sincere,sincerer,sincerest
lax,laxer,laxest
arrant,arranter,arrantest
grumpy,grumpier,grumpiest
sable,sabler,sablest
scary,scarier,scariest
leggy,leggier,leggiest
swart,swarter,swartest
lightweight,lighterweight,lightestweight
giddy,giddier,giddiest
dainty,daintier,daintiest
prosy,prosier,prosiest
chewy,chewier,chewiest
pithy,pithier,pithiest
slick,slicker,slickest
stubborn,stubborner,stubbornest
topsy-turvy,topsy-turvier,topsy-turviest
lengthy,lengthier,lengthiest
swarthy,swarthier,swarthiest
trim,trimmer,trimmest
priestly,priestlier,priestliest
sallow,sallower,sallowest
steady,steadier,steadiest
dicey,dicier,diciest
sedate,sedater,sedatest
nitpicky,nitpickier,nitpickiest
def,deffer,deffest
placid,placider,placidest
pearly,pearlier,pearliest
nimble,nimbler,nimblest
clear-cut,clearer-cut,clearest-cut
supple,suppler,supplest
pitiful,pitifuller,pitifullest
ashy,ashier,ashiest
scrummy,scrummier,scrummiest
rummy,rummier,rummiest
spacy,spacier,spaciest
risky,riskier,riskiest
holey,holier,holiest
gruff,gruffer,gruffest
blate,blater,blatest
muddy,muddier,muddiest
blurry,blurrier,blurriest
chavvy,chavvier,chavviest
leery,leerier,leeriest
pushy,pushier,pushiest
perky,perkier,perkiest
frumpy,frumpier,frumpiest
potty,pottier,pottiest
lacy,lacier,laciest
high-profile,higher-profile,highest-profile
savory,savorier,savoriest
shitty,shittier,shittiest
swotty,swottier,swottiest
upriver,further upriver,furthest upriver
uphill,further uphill,furthest uphill
jetty,jettier,jettiest
upstream,further upstream,furthest upstream
high-octane,higher-octane,highest-octane
gummy,gummier,gummiest
gooey,gooier,gooiest
icky,ickier,ickiest
hunky,hunkier,hunkiest
sulky,sulkier,sulkiest
tosh,tosher,toshest
greasy,greasier,greasiest
ebbe,ebber,ebbest
poxy,poxier,poxiest
tatty,tattier,tattiest
tangy,tangier,tangiest
scurvy,scurvier,scurviest
stocky,stockier,stockiest
skanky,skankier,skankiest
namely,namelier,nameliest
sprightly,sprightlier,sprightliest
icy,icier,iciest
teeny,teenier,teeniest
loony,loonier,looniest
swishy,swishier,swishiest
stately,statelier,stateliest
delightful,delightfuller,delightfullest
rubbery,rubberier,rubberiest
warm-blooded,warmer-blooded,warmest-blooded
cold-blooded,colder-blooded,coldest-blooded
spooky,spookier,spookiest
grotty,grottier,grottiest
leathery,leatherier,leatheriest
ghostly,ghostlier,ghostliest
tubby,tubbier,tubbiest
worrisome,worrisomer,worrisomest
winsome,winsomer,winsomest
?,most ?,most ?
zingy,zingier,zingiest
shmexy,shmexier,shmexiest
touchy,touchier,touchiest
scared,scareder,scaredest
groovy,groovier,grooviest
cozy,cozier,coziest
disgraceful,more disgraceful,disgracefullest
gaudy,gaudier,gaudiest
murk,murker,murkest
speedy,speedier,speediest
mousy,mousier,mousiest
mousey,mousier,mousiest
frisky,friskier,friskiest
earthly,earthlier,earthliest
sublime,sublimer,sublimest
hearty,heartier,heartiest
manly,manlier,manliest
silky,silkier,silkiest
princely,princelier,princeliest
sultry,sultrier,sultriest
motley,motleyer,motleyest
smexy,smexier,smexiest
far-fetched,further-fetched,furthest-fetched
naughty,naughtier,naughtiest
unearthly,unearthlier,unearthliest
itsy-bitsy,itsy-bitsier,itsy-bitsiest
superb,superber,superbest
fraught,fraughter,fraughtest
groggy,groggier,groggiest
dastardly,dastardlier,dastardliest
trig,trigger,triggest
gawky,gawkier,gawkiest
breezy,breezier,breeziest
bumpy,bumpier,bumpiest
wonky,wonkier,wonkiest
sus,susser,sussest
frothy,frothier,frothiest
milky,milkier,milkiest
saggy,saggier,saggiest
arty,artier,artiest
swinging,swinginger,swingingest
paunchy,paunchier,paunchiest
kitschy,kitschier,kitschiest
gauzy,gauzier,gauziest
short-term,shorter-term,shortest-term
lissome,lissomer,lissomest
jowly,jowlier,jowliest
lousy,lousier,lousiest
unsteady,unsteadier,unsteadiest
gangly,ganglier,gangliest
queenly,queenlier,queenliest
runny,runnier,runniest
bully,bullier,bulliest
stony,stonier,stoniest
blotchy,blotchier,blotchiest
dreich,dreicher,dreichest
grouchy,grouchier,grouchiest
eggy,eggier,eggiest
chintzy,chintzier,chintziest
rotund,rotunder,rotundest
well-dressed,better-dressed,best-dressed
thick-skinned,thicker-skinned,thickest-skinned
jaggy,jaggier,jaggiest
meager,meagerer,meagerest
gutsy,gutsier,gutsiest
glossy,glossier,glossiest
soggy,soggier,soggiest
pesky,peskier,peskiest
tarry,tarrier,tarriest
reedy,reedier,reediest
knightly,knightlier,knightliest
sparse,sparser,sparsest
yong,yonger,yongest
loopy,loopier,loopiest
ritzy,ritzier,ritziest
chary,charier,chariest
kwik,kwikker,kwikkest
scatty,scattier,scattiest
teary,tearier,teariest
long-term,longer-term,longest-term
short-lived,shorter-lived,shortest-lived
thorny,thornier,thorniest
gunky,gunkier,gunkiest
gammy,gammier,gammiest
gamey,gamier,gamiest
bitchy,bitchier,bitchiest
ungodly,ungodlier,ungodliest
conceited,conceiteder,conceitedest
whitey,whitier,whitiest
gey,geyer,geyest
bulky,bulkier,bulkiest
frenchy,frenchier,frenchiest
colly,collier,colliest
lying,lyinger,lyingest
trendy,trendier,trendiest
lippy,lippier,lippiest
prissy,prissier,prissiest
snazzy,snazzier,snazziest
palmy,palmier,palmiest
creepy,creepier,creepiest
moony,moonier,mooniest
gluey,gluier,gluiest
lemony,lemonier,lemoniest
stormy,stormier,stormiest
spazzy,spazzier,spazziest
hammy,hammier,hammiest
soupy,soupier,soupiest
sullen,sullener,sullenest
somber,somberer,somberest
clayey,clayier,clayiest
glum,glummer,glummest
needy,needier,neediest
spotty,spottier,spottiest
snowy,snowier,snowiest
kool,kooler,koolest
dusky,duskier,duskiest
kooky,kookier,kookiest
artsy-fartsy,artsy-fartsier,artsy-fartsiest
corny,cornier,corniest
doughy,doughier,doughiest
comfy,comfier,comfiest
yachty,yachtier,yachtiest
clunky,clunkier,clunkiest
hoity-toity,hoity-toitier,hoity-toitiest
portly,portlier,portliest
stretchy,stretchier,stretchiest
dizzy,dizzier,dizziest
dusty,dustier,dustiest
shifty,shiftier,shiftiest
infirm,infirmer,infirmest
frowsy,frowsier,frowsiest
spivvy,spivvier,spivviest
mimsy,mimsier,mimsiest
savoury,savourier,savouriest
artsy,artsier,artsiest
glassy,glassier,glassiest
nether,nethermore,nethermost
loth,lother,lothest
yare,yarer,yarest
dishy,dishier,dishiest
crufty,cruftier,cruftiest
spunky,spunkier,spunkiest
plucky,pluckier,pluckiest
cheeky,cheekier,cheekiest
brawny,brawnier,brawniest
meagre,meagrer,meagrest
moody,moodier,moodiest
tingly,tinglier,tingliest
rowdy,rowdier,rowdiest
creamy,creamier,creamiest
grungy,grungier,grungiest
toffy,toffier,toffiest
skimpy,skimpier,skimpiest
shadowy,shadowier,shadowiest
happy-go-lucky,happy-go-luckier,happy-go-luckiest
stealthy,stealthier,stealthiest
sleazy,sleazier,sleaziest
dreamy,dreamier,dreamiest
trashy,trashier,trashiest
kissy,kissier,kissiest
prickly,pricklier,prickliest
grassy,grassier,grassiest
trusty,trustier,trustiest
dinky,dinkier,dinkiest
snappy,snappier,snappiest
hubby,hubbier,hubbiest
tonk,tonker,tonkest
saucy,saucier,sauciest
miry,mirier,miriest
itchy,itchier,itchiest
downhill,further downhill,furthest downhill
scrawny,scrawnier,scrawniest
choppy,choppier,choppiest
boon,booner,boonest
yucky,yuckier,yuckiest
toasty,toastier,toastiest
freaky,freakier,freakiest
namby-pamby,namby-pambier,namby-pambiest
naif,naifer,naifest
sludgy,sludgier,sludgiest
sickly,sicklier,sickliest
yellowy,yellowier,yellowiest
huffy,huffier,huffiest
sneaky,sneakier,sneakiest
nutty,nuttier,nuttiest
cocky,cockier,cockiest
bossy,bossier,bossiest
bitty,bittier,bittiest
silvery,silverier,silveriest
grody,grodier,grodiest
massy,massier,massiest
cutesy,cutesier,cutesiest
fervid,fervider,fervidest
curly,curlier,curliest
dingy,dingier,dingiest
high-level,higher-level,highest-level
folkie,folkier,folkiest
fruity,fruitier,fruitiest
nifty,niftier,niftiest
weedy,weedier,weediest
mangy,mangier,mangiest
nosey,nosier,nosiest
teensy,teensier,teensiest
wimpy,wimpier,wimpiest
itty,ittier,ittiest
bitsy,bitsier,bitsiest
spongy,spongier,spongiest
gabby,gabbier,gabbiest
pissy,pissier,pissiest
slippy,slippier,slippiest
musty,mustier,mustiest
scruffy,scruffier,scruffiest
hissy,hissier,hissiest
burly,burlier,burliest
husky,huskier,huskiest
hind,hinder,hindmost
twitchy,twitchier,twitchiest
cruddy,cruddier,cruddiest
moisty,moistier,moistiest
glam,glammer,glammest
goth,gother,gothest
weeny,weenier,weeniest
downstream,further downstream,furthest downstream
spritely,spritelier,spriteliest
dotty,dottier,dottiest
bendy,bendier,bendiest
lusty,lustier,lustiest
lumpy,lumpier,lumpiest
leaky,leakier,leakiest
sporty,sportier,sportiest
poncey,poncier,ponciest
pudgy,pudgier,pudgiest
linty,lintier,lintiest
smoky,smokier,smokiest
misty,mistier,mistiest
sheeny,sheenier,sheeniest
mealy,mealier,mealiest
bolshie,bolshier,bolshiest
logy,logier,logiest
limber,limberer,limberest
dippy,dippier,dippiest
chippy,chippier,chippiest
unwary,unwarier,unwariest
freckly,frecklier,freckliest
billowy,billowier,billowiest
boxy,boxier,boxiest
mouthy,mouthier,mouthiest
minty,mintier,mintiest
chesty,chestier,chestiest
curst,curster,curstest
plummy,plummier,plummiest
plumpy,plumpier,plumpiest
lardy,lardier,lardiest
swash,swasher,swashest
limy,limier,limiest
scummy,scummier,scummiest
skeevy,skeevier,skeeviest
starry,starrier,starriest
rangy,rangier,rangiest
runty,runtier,runtiest
sare,sarer,sarest
ghey,gheyer,gheyest
chirpy,chirpier,chirpiest
whiny,whinier,whiniest
neighborly,neighborlier,neighborliest
chalky,chalkier,chalkiest
doleful,dolefuler,dolefulest
frosty,frostier,frostiest
gentlemanly,gentlemanlier,gentlemanliest
sere,serer,serest
swingy,swingier,swingiest
raunchy,raunchier,raunchiest
lissom,lissomer,lissomest
low-grade,lower grade,lowest grade
grizzly,grizzlier,grizzliest
squeaky,squeakier,squeakiest
moe,moe-er,moe-est
low-fat,lower-fat,lowest-fat
unsafe,unsafer,unsafest
shonky,shonkier,shonkiest
stary,starier,stariest
dree,dreer,dreest
squiggly,squigglier,squiggliest
hyphy,hyphier,hyphiest
woodsy,woodsier,woodsiest
outdoorsy,outdoorsier,outdoorsiest
slovenly,slovenlier,slovenliest
jemmy,jemmier,jemmiest
zazzy,zazzier,zazziest
clatty,clattier,clattiest
earthy,earthier,earthiest
low-level,lower-level,lowest-level
downy,downier,downiest
goldy,goldier,goldiest
sooth,soother,soothest
long-distance,longer-distance,longest-distance
long-lasting,longer-lasting,longest-lasting
long-playing,longer-playing,longest-playing
long-range,longer-range,longest-range
long-running,longer-running,longest-running
grubby,grubbier,grubbiest
frilly,frillier,frilliest
wispy,wispier,wispiest
hilly,hillier,hilliest
soapy,soapier,soapiest
fabby,fabbier,fabbiest
feeble-minded,feebler-minded,feeblest-minded
sugary,sugarier,sugariest
super-duper,super-duperer,super-duperest
dumpy,dumpier,dumpiest
flashy,flashier,flashiest
punchy,punchier,punchiest
scraggly,scragglier,scraggliest
beery,beerier,beeriest
wormy,wormier,wormiest
sappy,sappier,sappiest
chipper,chipperer,chipperest
meaty,meatier,meatiest
milde,milder,mildest
dressy,dressier,dressiest
strang,stranger,strangest
christmassy,christmassier,christmassiest
eld,elder,eldest
pointy,pointier,pointiest
cheery,cheerier,cheeriest
hot-blooded,hotter-blooded,hottest-blooded
spick,spicker,spickest
scrubby,scrubbier,scrubbiest
rimy,rimier,rimiest
steely,steelier,steeliest
matching,better matching,best matching
blowsy,blowsier,blowsiest
oozy,oozier,ooziest
trippy,trippier,trippiest
netty,nettier,nettiest
slaty,slatier,slatiest
bushy,bushier,bushiest
rathe,rather,rathest
bougie,bougier,bougiest
sparkly,sparklier,sparkliest
wiggly,wigglier,wiggliest
hacky,hackier,hackiest
kvetchy,kvetchier,kvetchiest
puffy,puffier,puffiest
truthy,truthier,truthiest
hokey,hokier,hokiest
fiddly,fiddlier,fiddliest
grimly,grimlier,grimliest
kiddy,kiddier,kiddiest
scurfy,scurfier,scurfiest
snooty,snootier,snootiest
boggy,boggier,boggiest
coxy,coxier,coxiest
sniffy,sniffier,sniffiest
blokey,blokier,blokiest
snotty,snottier,snottiest
spendy,spendier,spendiest
ratty,rattier,rattiest
punky,punkier,punkiest
rheumy,rheumier,rheumiest
seamy,seamier,seamiest
shingly,shinglier,shingliest
small-scale,smaller-scale,smallest-scale
sprauncy,sprauncier,spraunciest
unsubtle,unsubtler,unsubtlest
auld,aulder,auldest
beachy,beachier,beachiest
gouty,goutier,goutiest
girlie,girlier,girliest
piny,pinier,piniest
gimpy,gimpier,gimpiest
inky,inkier,inkiest
ducky,duckier,duckiest
grimy,grimier,grimiest
grisly,grislier,grisliest
giggly,gigglier,giggliest
wussy,wussier,wussiest
gossipy,gossipier,gossipiest
snippy,snippier,snippiest
smol,smoller,smollest
lairy,lairier,lairiest
poddy,poddier,poddiest
bouncy,bouncier,bounciest
gushy,gushier,gushiest
buttery,butterier,butteriest
spacey,spacier,spaciest
sparky,sparkier,sparkiest
kicky,kickier,kickiest
klutzy,klutzier,klutziest
long-established,longer-established,longest-established
jiggly,jigglier,jiggliest
jingly,jinglier,jingliest
jittery,jitterier,jitteriest
joky,jokier,jokiest
jouncy,jouncier,jounciest
humpy,humpier,humpiest
peerie,peerier,peeriest
lown,lowner,lownest
leal,lealer,lealest
quaky,quakier,quakiest
mossy,mossier,mossiest
wheezy,wheezier,wheeziest
itty-bitty,itty-bittier,itty-bittiest
campy,campier,campiest
willful,willfuller,willfullest
darned,darnder,darndest
fleecy,fleecier,fleeciest
weensy,weensier,weensiest
weepy,weepier,weepiest
eery,eerier,eeriest
squashy,squashier,squashiest
squelchy,squelchier,squelchiest
green-eyed,greener-eyed,greenest-eyed
gimmicky,gimmickier,gimmickiest
courtly,courtlier,courtliest
poky,pokier,pokiest
stanch,stancher,stanchest
stringy,stringier,stringiest
treacly,treaclier,treacliest
smurfy,smurfier,smurfiest
spindly,spindlier,spindliest
wifely,wifelier,wifeliest
whiney,whinier,whiniest
willowy,willowier,willowiest
zappy,zappier,zappiest
rascally,rascallier,rascalliest
wintery,winterier,winteriest
dangly,danglier,dangliest
wriggly,wrigglier,wriggliest
wrinkly,wrinklier,wrinkliest
twangy,twangier,twangiest
tweedy,tweedier,tweediest
twiggy,twiggier,twiggiest
twinkly,twinklier,twinkliest
twirly,twirlier,twirliest
twisty,twistier,twistiest
raspy,raspier,raspiest
dicky,dickier,dickiest
grum,grummer,grummest
bready,breadier,breadiest
squicky,squickier,squickiest
awesome,awesomer,awesomest
springy,springier,springiest
fidgety,fidgetier,fidgetiest
swampy,swampier,swampiest
bitching,more bitching,bitchingest
low-budget,lower-budget,lowest-budget
spooney,spoonier,spooniest
schlocky,schlockier,schlockiest
sneezy,sneezier,sneeziest
easygoing,easygoinger,easygoingest
janky,jankier,jankiest
gusty,gustier,gustiest
scuzzy,scuzzier,scuzziest
poopy,poopier,poopiest
ginchy,ginchier,ginchiest
seemly,seemlier,seemliest
pouty,poutier,poutiest
melty,meltier,meltiest
scrawly,scrawlier,scrawliest
screechy,screechier,screechiest
scrunchy,scrunchier,scrunchiest
good-natured,better-natured,best-natured
ruffly,rufflier,ruffliest
rushy,rushier,rushiest
ballsy,ballsier,ballsiest
garlicky,garlickier,garlickiest
sudsy,sudsier,sudsiest
canty,cantier,cantiest
sleety,sleetier,sleetiest
slushy,slushier,slushiest
hooky,hookier,hookiest
schmaltzy,schmaltzier,schmaltziest
scroungy,scroungier,scroungiest
swirly,swirlier,swirliest
peppery,pepperier,pepperiest
nubby,nubbier,nubbiest
peaty,peatier,peatiest
breathy,breathier,breathiest
stubbly,stubblier,stubbliest
smutty,smuttier,smuttiest
smoggy,smoggier,smoggiest
streaky,streakier,streakiest
grundy,grundier,grundiest
sucky,suckier,suckiest
tiddly,tiddlier,tiddliest
lunky,lunkier,lunkiest
gloppy,gloppier,gloppiest
corky,corkier,corkiest
frowzy,frowzier,frowziest
unfree,unfree-er,unfreest
sower,sowerer,sowerest
manful,manfuller,manfullest
ungentle,ungentler,ungentlest
cagy,cagier,cagiest
cold-hearted,colder-hearted,coldest-hearted
recessed,further recessed,furthest recessed
peppy,peppier,peppiest
spiky,spikier,spikiest
unquiet,unquieter,unquietest
shivery,shiverier,shiveriest
silty,siltier,siltiest
sightly,sightlier,sightliest
street-smart,street-smarter,street-smartest
chancy,chancier,chanciest
creaky,creakier,creakiest
chocolaty,chocolatier,chocolatiest
splashy,splashier,splashiest
gappy,gappier,gappiest
smudgy,smudgier,smudgiest
worky,workier,workiest
soppy,soppier,soppiest
clumpy,clumpier,clumpiest
leng,lenger,lengest
cliquey,cliquier,cliquiest
shrubby,shrubbier,shrubbiest
pitchy,pitchier,pitchiest
throaty,throatier,throatiest
cobwebby,cobwebbier,cobwebbiest
dopey,dopier,dopiest
snaky,snakier,snakiest
snarly,snarlier,snarliest
slithery,slitherier,slitheriest
slangy,slangier,slangiest
slouchy,slouchier,slouchiest
slummy,slummier,slummiest
slaphappy,slaphappier,slaphappiest
bleary,blearier,bleariest
unworldly,unworldlier,unworldliest
stubby,stubbier,stubbiest
showery,showerier,showeriest
gladsome,gladsomer,gladsomest
stumpy,stumpier,stumpiest
long-haired,longer-haired,longest-haired
crackly,cracklier,crackliest
crawly,crawlier,crawliest
croaky,croakier,croakiest
croupy,croupier,croupiest
crumby,crumbier,crumbiest
curvy,curvier,curviest
grabby,grabbier,grabbiest
bluey,bluier,bluiest
boozy,boozier,booziest
brambly,bramblier,brambliest
beggarly,beggarlier,beggarliest
miffy,miffier,miffiest
druggy,druggier,druggiest
flakey,flakier,flakiest
porny,pornier,porniest
pebbly,pebblier,pebbliest
tetchy,tetchier,tetchiest
beamy,beamier,beamiest
blowy,blowier,blowiest
blowzy,blowzier,blowziest
bluesy,bluesier,bluesiest
bulgy,bulgier,bulgiest
bosky,boskier,boskiest
platy,platier,platiest
nebby,nebbier,nebbiest
nebbie,nebbier,nebbiest
straggly,stragglier,straggliest
high-risk,higher-risk,highest-risk
fausty,faustier,faustiest
glittery,glitterier,glitteriest
glitzy,glitzier,glitziest
gristly,gristlier,gristliest
smeary,smearier,smeariest
spumy,spumier,spumiest
fair-haired,fairer-haired,fairest-haired
filmy,filmier,filmiest
ferny,fernier,ferniest
finny,finnier,finniest
droopy,droopier,droopiest
fleshly,fleshlier,fleshliest
flippy,flippier,flippiest
flossy,flossier,flossiest
flouncy,flouncier,flounciest
ickle,ickler,icklest
subtile,subtiler,subtilest
boney,bonier,boniest
drear,drearer,drearest
musky,muskier,muskiest
chocolatey,chocolatier,chocolatiest
high-ranking,higher-ranking,highest-ranking
squidgy,squidgier,squidgiest
zitty,zittier,zittiest
jangly,janglier,jangliest
mim,mimmer,mimmest
sterne,sterner,sternest
cunty,cuntier,cuntiest
drizzly,drizzlier,drizzliest
frizzly,frizzlier,frizzliest
fumy,fumier,fumiest
bullshitty,bullshittier,bullshittiest
dopy,dopier,dopiest
dorky,dorkier,dorkiest
draggy,draggier,draggiest
deep-seated,deeper-seated,deepest-seated
drippy,drippier,drippiest
glitchy,glitchier,glitchiest
piddly,piddlier,piddliest
dimply,dimplier,dimpliest
preachy,preachier,preachiest
crepy,crepier,crepiest
reet,mair reet,maist reet
dumb-ass,dumber-ass,dumbest-ass
talky,talkier,talkiest
new-fangled,newer-fangled,newest-fangled
thready,threadier,threadiest
vasty,vastier,vastiest
nervy,nervier,nerviest
teensy-weensy,more teensy-weensy,teensy-weeniest
teeny-weeny,teeny-weenier,teeny-weeniest
turfy,turfier,turfiest
toothy,toothier,toothiest
poncy,poncier,ponciest
couthie,couthier,couthiest
pimply,pimplier,pimpliest
pulpy,pulpier,pulpiest
clarty,clartier,clartiest
purty,purtier,purtiest
malty,maltier,maltiest
high-grade,higher grade,highest grade
mussy,mussier,mussiest
unlovely,unlovelier,unloveliest
cobby,cobbier,cobbiest
mopey,mopier,mopiest
mopy,mopier,mopiest
downrange,farther downrange,farthest downrange
hard-hitting,harder-hitting,hardest-hitting
new-fashioned,newer-fashioned,newest-fashioned
newsy,newsier,newsiest
nice-looking,nicer-looking,nicest-looking
high-priced,higher-priced,highest-priced
high-powered,higher-powered,highest-powered
high-speed,higher-speed,highest-speed
raggedy,raggedier,raggediest
rattly,rattlier,rattliest
dozy,dozier,doziest
ripply,ripplier,rippliest
ridgy,ridgier,ridgiest
yolky,yolkier,yolkiest
nobby,nobbier,nobbiest
tight-fitting,tighter-fitting,tightest-fitting
echoey,echoier,echoiest
loosey-goosey,loosey-goosier,loosey-goosiest
easy-going,easy-goinger,easy-goingest
spinny,spinnier,spinniest
sea-worthy,sea-worthier,sea-worthiest
achy,achier,achiest
well-hung,better-hung,best-hung
dark-skinned,darker-skinned,darkest-skinned
unhandy,unhandier,unhandiest
trampy,trampier,trampiest
faggy,faggier,faggiest
naggy,naggier,naggiest
claggy,claggier,claggiest
snaggy,snaggier,snaggiest
mingy,mingier,mingiest
blobby,blobbier,blobbiest
wisht,wishter,wishtest
moany,moanier,moaniest
spermy,spermier,spermiest
hoody,hoodier,hoodiest
greene,greener,greenest
deare,dearer,dearest
draughty,draughtier,draughtiest
witchy,witchier,witchiest
old-timey,old-timier,old-timiest
l8,l8r,l8est
slobbery,slobberier,slobberiest
gungy,gungier,gungiest
bitchin,more bitchin,bitchinest
drooly,droolier,drooliest
bobbly,bobblier,bobbliest
slurpy,slurpier,slurpiest
plaguy,plaguier,plaguiest
squeezy,squeezier,squeeziest
knobbly,knobblier,knobbliest
chaffy,chaffier,chaffiest
cliffy,cliffier,cliffiest
tangly,tanglier,tangliest
reeky,reekier,reekiest
cozie,cozier,coziest
kittle,kittler,kittlest
snuffy,snuffier,snuffiest
brushy,brushier,brushiest
blotty,blottier,blottiest
bricky,brickier,brickiest
burbly,burblier,burbliest
gay,gayer,gayest
jimp,jimper,jimpest
wyse,wyser,wysest
deere,deerer,deerest
mumbly,mumblier,mumbliest
dribbly,dribblier,dribbliest
painty,paintier,paintiest
mean,meaner,meanest
fat,fatter,fattest
up-or-out,-out,-out
skyey,skyier,skyiest
skunky,skunkier,skunkiest
beaky,beakier,beakiest
poofy,poofier,poofiest
broad-mouthed,broader-mouthed,broadest-mouthed
lew,lewer,lewest
seely,seelier,seeliest
steepy,steepier,steepiest
spammy,spammier,spammiest
fubsy,fubsier,fubsiest
cracky,crackier,crackiest
snacky,snackier,snackiest
punny,punnier,punniest
clanky,clankier,clankiest
unhandsome,unhandsomer,unhandsomest
cooty,cootier,cootiest
droughty,droughtier,droughtiest
laggy,laggier,laggiest
posey,posier,posiest
gleg,glegger,gleggest
freash,freasher,freashest
faddy,faddier,faddiest
crashy,crashier,crashiest
boppy,boppier,boppiest
snitty,snittier,snittiest
oniony,onionier,onioniest
pawky,pawkier,pawkiest
blocky,blockier,blockiest
ould,oulder,ouldest
bassy,bassier,bassiest
hard-working,harder-working,hardest-working
eco-friendly,eco-friendlier,eco-friendliest
angsty,angstier,angstiest
frum,frummer,frummest
leetle,leetler,leetlest
bleepy,bleepier,bleepiest
heapy,heapier,heapiest
sheepy,sheepier,sheepiest
neapy,neapier,neapiest
peepy,peepier,peepiest
grapey,grapier,grapiest
barky,barkier,barkiest
bilgy,bilgier,bilgiest
brothy,brothier,brothiest
buffy,buffier,buffiest
boofy,boofier,boofiest
booky,bookier,bookiest
hot-headed,hotter-headed,hottest-headed
oaky,oakier,oakiest
yawny,yawnier,yawniest
yechy,yechier,yechiest
pervy,pervier,perviest
dutchy,dutchier,dutchiest
plotty,plottier,plottiest
dungy,dungier,dungiest
stripy,stripier,stripiest
stripey,stripier,stripiest
mirk,mirker,mirkest
wifty,wiftier,wiftiest
prancy,prancier,pranciest
ultradry,ultradryer,ultradryest
squinty,squintier,squintiest
marly,marlier,marliest
bursty,burstier,burstiest
dumpty,dumptier,dumptiest
bitey,bitier,bitiest
shrimpy,shrimpier,shrimpiest
coconutty,coconuttier,coconuttiest
peary,pearier,peariest
hoggy,hoggier,hoggiest
gloopy,gloopier,gloopiest
hallowe'eny,hallowe'enier,hallowe'eniest
halloweeny,halloweenier,halloweeniest
hench,hencher,henchest
smoochy,smoochier,smoochiest
muscly,musclier,muscliest
itsy,itsier,itsiest
tarty,tartier,tartiest
nobbly,nobblier,nobbliest
quare,quarer,quarest
shitey,shitier,shitiest
jungly,junglier,jungliest
slitty,slittier,slittiest
quaggy,quaggier,quaggiest
schmalzy,schmalzier,schmalziest
unfussy,unfussier,unfussiest
slimey,slimier,slimiest
merrie,merrier,merriest
slobby,slobbier,slobbiest
caky,cakier,cakiest
verye,verier,veriest
tusky,tuskier,tuskiest
shoppy,shoppier,shoppiest
yukky,yukkier,yukkiest
trembly,tremblier,trembliest
folky,folkier,folkiest
huggy,huggier,huggiest
smirky,smirkier,smirkiest
slee,sleer,sleest
jammie,jammier,jammiest
growly,growlier,growliest
swoopy,swoopier,swoopiest
tickly,ticklier,tickliest
schlumpy,schlumpier,schlumpiest
splodgy,splodgier,splodgiest
wibbly,wibblier,wibbliest
flirty,flirtier,flirtiest
dweeby,dweebier,dweebiest
whizzy,whizzier,whizziest
muzzy,muzzier,muzziest
scrimy,scrimier,scrimiest
riffy,riffier,riffiest
rubbly,rubblier,rubbliest
orangey,orangier,orangiest
doty,dotier,dotiest
floaty,floatier,floatiest
oaty,oatier,oatiest
clicky,clickier,clickiest
flicky,flickier,flickiest
drapey,drapier,drapiest
stompy,stompier,stompiest
ticky,tickier,tickiest
poufy,poufier,poufiest
unbusy,unbusier,unbusiest
snouty,snoutier,snoutiest
spangly,spanglier,spangliest
studly,studlier,studliest
phlegmy,phlegmier,phlegmiest
goopy,goopier,goopiest
low-priced,lower priced,lowest priced
wedgy,wedgier,wedgiest
buzzy,buzzier,buzziest
weaselly,weasellier,weaselliest
weasely,weaselier,weaseliest
blousy,blousier,blousiest
laky,lakier,lakiest
fudgy,fudgier,fudgiest
drifty,driftier,driftiest
doomy,doomier,doomiest
jivey,jivier,jiviest
wiggy,wiggier,wiggiest
zeitgeisty,zeitgeistier,zeitgeistiest
sniffly,snifflier,sniffliest
menschy,menschier,menschiest
squawky,squawkier,squawkiest
shticky,shtickier,shtickiest
snoozy,snoozier,snooziest
vampy,vampier,vampiest
typy,typier,typiest
torchy,torchier,torchiest
pranky,prankier,prankiest
grumbly,grumblier,grumbliest
larky,larkier,larkiest
techy,techier,techiest
viny,vinier,viniest
pooey,pooier,pooiest
waffly,wafflier,waffliest
quartzy,quartzier,quartziest
notchy,notchier,notchiest
marchy,marchier,marchiest
grippy,grippier,grippiest
screamy,screamier,screamiest
cheaty,cheatier,cheatiest
unpretty,unprettier,unprettiest
rackety,racketier,racketiest
pouffy,pouffier,pouffiest
whirly,whirlier,whirliest
smushy,smushier,smushiest
charry,charrier,charriest
wheaty,wheatier,wheatiest
nubbly,nubblier,nubbliest
mumsy,mumsier,mumsiest
shouty,shoutier,shoutiest
crowdy,crowdier,crowdiest
coaly,coalier,coaliest
squooshy,squooshier,squooshiest
tinkly,tinklier,tinkliest
tricksy,tricksier,tricksiest
wanky,wankier,wankiest
bolshy,bolshier,bolshiest
blippy,blippier,blippiest
orangy,orangier,orangiest
pukey,pukier,pukiest
thrashy,thrashier,thrashiest
germy,germier,germiest
scribbly,scribblier,scribbliest
mushroomy,mushroomier,mushroomiest
bronzy,bronzier,bronziest
lulzy,lulzier,lulziest
twatty,twattier,twattiest
churchly,churchlier,churchliest
viewy,viewier,viewiest
fringy,fringier,fringiest
yelpy,yelpier,yelpiest
strikt,strikter,striktest
chickeny,chickenier,chickeniest
nouny,nounier,nouniest
bangy,bangier,bangiest
drony,dronier,droniest
cowy,cowier,cowiest
cliquy,cliquier,cliquiest
crystal-clear,crystal-clearer,crystal-clearest
high-performance,higher-performance,highest-performance
eath,eather,eathest
gnatty,gnattier,gnattiest
hatty,hattier,hattiest
waggly,wagglier,waggliest
ploppy,ploppier,ploppiest
fraidy,fraidier,fraidiest
shrieky,shriekier,shriekiest
quakey,quakier,quakiest
mawky,mawkier,mawkiest
stalky,stalkier,stalkiest
whippy,whippier,whippiest
scungy,scungier,scungiest
jolty,joltier,joltiest
wheyey,wheyier,wheyiest
sweary,swearier,sweariest
jabby,jabbier,jabbiest
barny,barnier,barniest
tufty,tuftier,tuftiest
fele,feler,felest
plaguey,plaguier,plaguiest
sagey,sagier,sagiest
sagy,sagier,sagiest
pacy,pacier,paciest
pacey,pacier,paciest
sneery,sneerier,sneeriest
knuckly,knucklier,knuckliest
goaty,goatier,goatiest
slapsticky,slapstickier,slapstickiest
zoomy,zoomier,zoomiest
wittle,wittler,wittlest
cuspy,cuspier,cuspiest
sprouty,sproutier,sproutiest
queazy,queazier,queaziest
flamy,flamier,flamiest
shelly,shellier,shelliest
shacky,shackier,shackiest
thumpy,thumpier,thumpiest
hoky,hokier,hokiest
cakey,cakier,cakiest
douchey,douchier,douchiest
braggy,braggier,braggiest
shaly,shalier,shaliest
cutesie,cutesier,cutesiest
balloony,balloonier,ballooniest
beeg,beeger,beegest
bashy,bashier,bashiest
foine,foiner,foinest
heathy,heathier,heathiest
loathly,loathlier,loathliest
stilly,stillier,stilliest
mussolini,mussolinier,mussoliniest
antsy,antsier,antsiest
skeely,skeelier,skeeliest
sloshy,sloshier,sloshiest
stemmy,stemmier,stemmiest
wrathy,wrathier,wrathiest
cloggy,cloggier,cloggiest
breasty,breastier,breastiest
chinny,chinnier,chinniest
quippy,quippier,quippiest
loungy,loungier,loungiest
scorchy,scorchier,scorchiest
clangy,clangier,clangiest
rafty,raftier,raftiest
cruisy,cruisier,cruisiest
toplofty,toploftier,toploftiest
blabby,blabbier,blabbiest
high-resolution,higher-resolution,highest-resolution
yaller,yallerer,yallerest
schemey,schemier,schemiest
sobby,sobbier,sobbiest
nyc,nycer,nycest
gorky,gorkier,gorkiest
uncomely,uncomelier,uncomeliest
spluttery,splutterier,splutteriest
waggy,waggier,waggiest
diddy,diddier,diddiest
blingy,blingier,blingiest
seveare,sevearer,sevearest
wyde,wyder,wydest
flowy,flowier,flowiest
spoofy,spoofier,spoofiest
crampy,crampier,crampiest
narky,narkier,narkiest
ghosty,ghostier,ghostiest
gleamy,gleamier,gleamiest
zate,zater,zatest
tippy,tippier,tippiest
flaggy,flaggier,flaggiest
twiddly,twiddlier,twiddliest
surfy,surfier,surfiest
stiddy,stiddier,stiddiest
stilty,stiltier,stiltiest
lacey,lacier,laciest
loathy,loathier,loathiest
slopy,slopier,slopiest
pinchy,pinchier,pinchiest
lathy,lathier,lathiest
nutsy,nutsier,nutsiest
fluty,flutier,flutiest
butchy,butchier,butchiest
teenty,teentier,teentiest
noice,noicer,noicest
nooky,nookier,nookiest
wristy,wristier,wristiest
pursy,pursier,pursiest
unthrifty,unthriftier,unthriftiest
fringey,fringier,fringiest
fringe-y,fringier,fringiest
goosy,goosier,goosiest
clinky,clinkier,clinkiest
shrinky,shrinkier,shrinkiest
jinky,jinkier,jinkiest
mothy,mothier,mothiest
cloddy,cloddier,cloddiest
trouty,troutier,troutiest
deedy,deedier,deediest
webby,webbier,webbiest
bammy,bammier,bammiest
specky,speckier,speckiest
cheerly,cheerlier,cheerliest
stenchy,stenchier,stenchiest
roily,roilier,roiliest
onry,onrier,onriest
plesaunt,plesaunter,plesauntest
hooly,hoolier,hooliest
thymey,thymier,thymiest
thymy,thymier,thymiest
glazy,glazier,glaziest
tony,tonier,toniest
featly,featlier,featliest
mirky,mirkier,mirkiest
frowsty,frowstier,frowstiest
thuggy,thuggier,thuggiest
hurty,hurtier,hurtiest
moppy,moppier,moppiest
'umble,'umbler,'umblest
'appy,'appier,'appiest
shoogly,shooglier,shoogliest
meowy,meowier,meowiest
starey,starier,stariest
steezy,steezier,steeziest
pooty,pootier,pootiest
hye,hyer,hyest
waspy,waspier,waspiest
owld,owlder,owldest
rorty,rortier,rortiest
flobby,flobbier,flobbiest
fordry,fordrier,fordriest
icey,icier,iciest
snatchy,snatchier,snatchiest
sheene,sheener,sheenest
cherty,chertier,chertiest
well-travelled,better-travelled,best-travelled
chumpy,chumpier,chumpiest
rumbly,rumblier,rumbliest
stressy,stressier,stressiest
hokie,hokier,hokiest
eely,eelier,eeliest
bummy,bummier,bummiest
mald,malder,maldest
hangry,hangrier,hangriest
rapey,rapier,rapiest
handsy,handsier,handsiest
turpsy,turpsier,turpsiest
stabby,stabbier,stabbiest
reefy,reefier,reefiest
low-cost,more low-cost,most
thrilly,thrillier,thrilliest
schmancy,schmancier,schmanciest
gaspy,gaspier,gaspiest
stronk,stronker,stronkest
frowny,frownier,frowniest
shlocky,shlockier,shlockiest
girthy,girthier,girthiest
boomy,boomier,boomiest
hooty,hootier,hootiest
squatty,squattier,squattiest
dutty,duttier,duttiest
streamy,streamier,streamiest
backstabby,backstabbier,backstabbiest
storky,storkier,storkiest
gnashy,gnashier,gnashiest
licky,lickier,lickiest
gothy,gothier,gothiest
trappy,trappier,trappiest
flappy,flappier,flappiest
slappy,slappier,slappiest
slabby,slabbier,slabbiest
raggy,raggier,raggiest
whity,whitier,whitiest
dicty,dictier,dictiest
simpy,simpier,simpiest
gradely,gradelier,gradeliest
drabby,drabbier,drabbiest
drawly,drawlier,drawliest
sprawly,sprawlier,sprawliest
faggoty,faggotier,faggotiest
slumpy,slumpier,slumpiest
flitty,flittier,flittiest
yoong,yoonger,yoongest
skippy,skippier,skippiest
ranty,rantier,rantiest
hulky,hulkier,hulkiest
queeny,queenier,queeniest
mythy,mythier,mythiest
scammy,scammier,scammiest
clerkly,clerklier,clerkliest
schmoozy,schmoozier,schmooziest
peery,peerier,peeriest
dashy,dashier,dashiest
towny,townier,towniest
sleeky,sleekier,sleekiest
nasky,naskier,naskiest
hashy,hashier,hashiest
clashy,clashier,clashiest
slashy,slashier,slashiest
palsy-walsy,palsy-walsier,palsy-walsiest
verie,verier,veriest
qualmy,qualmier,qualmiest
book-smart,book-smarter,book-smartest
whorey,whorier,whoriest
wode,woder,wodest
ledgy,ledgier,ledgiest
puggy,puggier,puggiest
branny,brannier,branniest
rooty,rootier,rootiest
choise,choiser,choisest
choky,chokier,chokiest
flocky,flockier,flockiest
woofy,woofier,woofiest
blasty,blastier,blastiest
soily,soilier,soiliest
lowd,lowder,lowdest
eazy,eazier,eaziest
prowd,prowder,prowdest
pleasaunt,pleasaunter,pleasauntest
bould,boulder,bouldest
curdy,curdier,curdiest
gemmy,gemmier,gemmiest
coughy,coughier,coughiest
churly,churlier,churliest
creasy,creasier,creasiest
dreggy,dreggier,dreggiest
burry,burrier,burriest
glary,glarier,glariest
sely,selier,seliest
creeky,creekier,creekiest
fainty,faintier,faintiest
luny,lunier,luniest
roguy,roguier,roguiest
fendy,fendier,fendiest
roupy,roupier,roupiest
bittie,bittier,bittiest
owly,owlier,owliest
scarry,scarrier,scarriest
swanny,swannier,swanniest
pricky,prickier,prickiest
shreddy,shreddier,shreddiest
wavey,wavier,waviest
mity,mitier,mitiest
throbby,throbbier,throbbiest
goel,goeler,goelest
bleedy,bleedier,bleediest
hoaky,hoakier,hoakiest
pouchy,pouchier,pouchiest
fuggy,fuggier,fuggiest
back-stabby,back-stabbier,back-stabbiest
yakky,yakkier,yakkiest
switchy,switchier,switchiest
weaky,weakier,weakiest
good-hearted,better-hearted,best-hearted
nither,nithermore,nithermost
shoaly,shoalier,shoaliest
scranny,scrannier,scranniest
swaggy,swaggier,swaggiest
qool,qooler,qoolest
douchy,douchier,douchiest
toney,tonier,toniest
codgy,codgier,codgiest
snassy,snassier,snassiest
peart,pearter,peartest
mixy,mixier,mixiest
nooby,noobier,noobiest
crouchy,crouchier,crouchiest
honey-sweet,honey-sweeter,honey-sweetest
grunty,gruntier,gruntiest
snaily,snailier,snailiest
slow-footed,slower-footed,slowest-footed
fratchy,fratchier,fratchiest
faithy,faithier,faithiest
sonly,sonlier,sonliest
scaley,scalier,scaliest
swack,swacker,swackest
buirdly,buirdlier,buirdliest
nose-dead,not attested,most nose-dead
judgy,judgier,judgiest
spacky,spackier,spackiest
derpy,derpier,derpiest
seepy,seepier,seepiest
high-quality,higher-quality,highest-quality
fratty,frattier,frattiest
wersh,wersher,wershest
graund,graunder,graundest
pilly,pillier,pilliest
quacky,quackier,quackiest
farty,fartier,fartiest
kind-hearted,kinder-hearted,kindest-hearted
sawcy,sawcier,sawciest
munchy,munchier,munchiest
leary,learier,leariest
straicht,straichter,straichtest
cosie,cosier,cosiest
tanky,tankier,tankiest
hayey,hayier,hayiest
globby,globbier,globbiest
gaggy,gaggier,gaggiest
pecky,peckier,peckiest
minecrafty,minecraftier,minecraftiest
bleachy,bleachier,bleachiest
well-tailored,better-tailored,best-tailored
schmoopy,schmoopier,schmoopiest
schmexy,schmexier,schmexiest
wifty-wafty,wifty-waftier,wifty-waftiest
toshy,toshier,toshiest
oomphy,oomphier,oomphiest
torquey,torquier,torquiest
zooey,zooier,zooiest
bugly,buglier,bugliest
str8,str8er,str8est
onery,onerier,oneriest
wolfy,wolfier,wolfiest
laughy,laughier,laughiest
dark-haired,darker-haired,darkest-haired
beigey,beigier,beigiest
squealy,squealier,squealiest
bloaty,bloatier,bloatiest
fleek,fleeker,fleekest
cruel-hearted,crueler-hearted,cruelest-hearted
treey,treeier,treeiest
blimpy,blimpier,blimpiest
downcoast,further downcoast,furthest downcoast
male-gazey,male-gazier,male-gaziest
shmaltzy,shmaltzier,shmaltziest
slimpsy,slimpsier,slimpsiest
splurgy,splurgier,splurgiest
toolsy,toolsier,toolsiest
pwetty,pwettier,pwettiest
queefy,queefier,queefiest
plonky,plonkier,plonkiest
unmad,unmadder,unmaddest
heauie,heauier,heauiest
fiesty,fiestier,fiestiest
heauy,heauier,heauiest
chavvie,chavvier,chavviest
adulty,adultier,adultiest
irky,irkier,irkiest
limby,limbier,limbiest
funny-looking,more funny-looking,most
chirky,chirkier,chirkiest
debby,debbier,debbiest
doggoned,doggoneder,doggonedest
cacky,cackier,cackiest
finnicky,finnickier,finnickiest
flaunty,flauntier,flauntiest
splitty,splittier,splittiest
chincy,chincier,chinciest
teentsy,teentsier,teentsiest
soaky,soakier,soakiest
floofy,floofier,floofiest
growthy,growthier,growthiest
drecky,dreckier,dreckiest
rhymey,rhymier,rhymiest
giddie,giddier,giddiest
wofull,wofuller,wofullest
scrungy,scrungier,scrungiest
fighty,fightier,fightiest
birsy,birsier,birsiest
tweaky,tweakier,tweakiest
swarmy,swarmier,swarmiest
shweet,shweeter,shweetest
cuuute,cuuuter,cuuutest
well-horned,better-horned,best-horned
droff,droffer,droffest
awnry,awnrier,awnriest
cheffy,cheffier,cheffiest
henny,hennier,henniest
taggy,taggier,taggiest
short-haul,shorter-haul,shortest-haul
coily,coilier,coiliest
tiddy,tiddier,tiddiest
high-functioning,higher-functioning,highest-functioning
grindy,grindier,grindiest
fudgey,fudgier,fudgiest
proggy,proggier,proggiest
trumpy,trumpier,trumpiest
revvy,revvier,revviest
typey,typier,typiest
low-resolution,lower-resolution,lowest-resolution
thicc,thiccer,thiccest
mincy,mincier,minciest
tuny,tunier,tuniest
swaly,swalier,swaliest
farmy,farmier,farmiest
love-shy,love-shyer,love-shyest
klunky,klunkier,klunkiest
splishy,splishier,splishiest
sploshy,sploshier,sploshiest
straung,straunger,straungest
pubey,pubier,pubiest
raughty,raughtier,raughtiest
rightern,more rightern,righternmost
leftern,more leftern,lefternmost
grislie,grislier,grisliest
low-calorie,lower-calorie,lowest-calorie
boosy,boosier,boosiest
hungy,hungier,hungiest
faffy,faffier,faffiest
lushy,lushier,lushiest
wassy,wassier,wassiest
googley,googlier,googliest
dahk,dahker,dahkest
blashy,blashier,blashiest
bitchly,bitchlier,bitchliest
blouzy,blouzier,blouziest
bugsy,bugsier,bugsiest
puky,pukier,pukiest
wholle,wholler,whollest
cockey,cockier,cockiest
grufty,gruftier,gruftiest
roasty,roastier,roastiest
scuffy,scuffier,scuffiest
towzy,towzier,towziest
bowsy,bowsier,bowsiest
funni,funnier,funniest
scrimpy,scrimpier,scrimpiest
snipey,snipier,snipiest
snipy,snipier,snipiest
cleer,cleerer,cleerest
wasty,wastier,wastiest
climby,climbier,climbiest
thotty,thottier,thottiest
coachy,coachier,coachiest
crool,crooler,croolest
sleezy,sleezier,sleeziest
merie,merier,meriest
myrie,myrier,myriest
golfy,golfier,golfiest
clawy,clawier,clawiest
low-paid,lower-paid,lowest-paid
sprayey,sprayier,sprayiest
well-developed,better-developed,best-developed
teuch,teucher,teuchest
flingy,flingier,flingiest
yecchy,yecchier,yecchiest
fetchy,fetchier,fetchiest
mathy,mathier,mathiest
plunky,plunkier,plunkiest
low-octane,lower-octane,lowest-octane
spritzy,spritzier,spritziest
churny,churnier,churniest
comly,comlier,comliest
chinchy,chinchier,chinchiest
shity,shitier,shitiest
fair-skinned,fairer-skinned,fairest-skinned
bad-looking,worse-looking,worst-looking
dudey,dudier,dudiest
terfy,terfier,terfiest
sinky,sinkier,sinkiest
beary,bearier,beariest
woggy,woggier,woggiest
sloaney,sloanier,sloaniest
huggly,hugglier,huggliest
arsy,arsier,arsiest
rhymy,rhymier,rhymiest
silvery-white,silvery-whiter,silvery-whitest
fine-looking,finer-looking,finest-looking
shrewde,shrewder,shrewdest
waltzy,waltzier,waltziest
fleeky,fleekier,fleekiest
snory,snorier,snoriest
skinchy,skinchier,skinchiest
cockie,cockier,cockiest
weeby,weebier,weebiest
dardy,dardier,dardiest
wholsome,wholsomer,wholsomest
fashy,fashier,fashiest
daggone,more daggone,daggonest
groty,grotier,grotiest
glissy,glissier,glissiest
chonky,chonkier,chonkiest
shippy,shippier,shippiest
well-laid,better-laid,best-laid
skuzzy,skuzzier,skuzziest
gate-keepy,gate-keepier,gate-keepiest
memey,memier,memiest
red-flaggy,red-flaggier,red-flaggiest
pouncy,pouncier,pounciest
impeachy,impeachier,impeachiest
uppy,uppier,uppiest
fast-growing,faster-growing,fastest-growing
quoggy,quoggier,quoggiest
c00l,c00ler,c00lest
k00l,k00ler,k00lest
hypey,hypier,hypiest
blowsey,blowsier,blowsiest
low-risk,lower-risk,lowest-risk
hard-hit,harder-hit,hardest-hit
free-running,freer running,freest running
grumly,grumlier,grumliest
grode,groder,grodest
carty,cartier,cartiest
short-distance,shorter-distance,shortest-distance
whott,whotter,whottest
zhooshy,zhooshier,zhooshiest
smidgy,smidgier,smidgiest
smidgey,smidgier,smidgiest
mifty,miftier,miftiest
warby,warbier,warbiest
wodgy,wodgier,wodgiest
proppy,proppier,proppiest
cheugy,cheugier,cheugiest
waily,wailier,wailiest
grudgy,grudgier,grudgiest
sketty,skettier,skettiest
boyey,boyier,boyiest
sussy,sussier,sussiest
deep-lying,deeper-lying,deepest-lying
fast-flowing,faster-flowing,fastest-flowing
dreigh,dreigher,dreighest
gruffy,gruffier,gruffiest
well-run,better-run,best-run
qway,qwayer,qwayest
preddy,preddier,preddiest
offaly,offalier,offaliest
offally,offallier,offalliest
low-emission,lower-emission,lowest-emission
twinky,twinkier,twinkiest
feeble-brained,feebler-brained,feeblest-brained
little-known,littler-known,littlest-known
low-income,lower-income,lowest-income
gawdy,gawdier,gawdiest
erky,erkier,erkiest
flushy,flushier,flushiest
clowny,clownier,clowniest
beepy,beepier,beepiest
cheepy,cheepier,cheepiest
fancy-schmancy,fancy-schmancier,fancy-schmanciest
fiine,fiiner,fiinest
undumb,more undumb,undumbest
coiny,coinier,coiniest
high-budget,higher-budget,highest-budget
krazy,krazier,kraziest
undirty,undirtier,undirtiest
high-time,higher-time,highest-time
rootin'-tootin',more rootin'-tootin',rootin'est tootin'est
rooting-tooting,more rooting-tooting,rootingest-tootingest
phunny,phunnier,phunniest
low-quality,lower-quality,lowest-quality
neckbeardy,neckbeardier,neckbeardiest
comf'table,comf'tabler,comf'tablest
ch3ap,ch3aper,ch3apest
swerfy,swerfier,swerfiest
queerbaity,queerbaitier,queerbaitiest
waffy,waffier,waffiest
clocky,clockier,clockiest
gucky,guckier,guckiest
drekky,drekkier,drekkiest
sprucy,sprucier,spruciest
skeery,skeerier,skeeriest
tichy,tichier,tichiest
traddy,traddier,traddiest
crapey,crapier,crapiest
boardy,boardier,boardiest
cryey,cryier,cryiest
groaty,groatier,groatiest
skody,skodier,skodiest
broey,broier,broiest
eepy,eepier,eepiest
crackpotty,crackpottier,crackpottiest
crack-potty,crack-pottier,crack-pottiest
choong,choonger,choongest
archpriestly,archpriestlier,archpriestliest
dog-whistly,dog-whistlier,dog-whistliest
high-paid,higher-paid,highest-paid
scrunkly,scrunklier,scrunkliest
heartthrobby,heartthrobbier,heartthrobbiest
frousy,frousier,frousiest
tourist-trappy,tourist-trappier,tourist-trappiest
small-sized,smaller-sized,smallest-sized
large-sized,larger-sized,largest-sized
shroomy,shroomier,shroomiest
yelly,yellier,yelliest
milfy,milfier,milfiest
far-gone,further-gone,furthest-gone
wholsom,wholsomer,wholsomest
backward-compatible,backward-compatible,backward-compatible
rulesy,rulesier,rulesiest
smoove,smoover,smoovest
skrunkly,skrunklier,skrunkliest
kway,kwayer,kwayest
scrungly,scrunglier,scrungliest
shewy,shewier,shewiest
well-versed,better-versed,best-versed
talksy,talksier,talksiest
race-baity,race-baitier,race-baitiest
artsie,artsier,artsiest
cooool,cooooler,coooolest
grayey,grayier,grayiest
greyey,greyier,greyiest
hodge-podgey,hodge-podgier,hodge-podgiest
stage-setty,stage-settier,stage-settiest
dappy,dappier,dappiest
weak-sighted,weaker-sighted,weakest-sighted
countly,countlier,countliest
ornary,ornarier,ornariest
scorpy,scorpier,scorpiest
high-cost,more high-cost,most
high-income,higher-income,highest-income
low-powered,lower-powered,lowest-powered
g@y,g@yer,g@yest
low-value,lower-value,lowest-value
high-fiber,higher-fiber,highest-fiber
eeby,eebier,eebiest
high-seeded,higher-seeded,highest-seeded
low-seeded,lower-seeded,lowest-seeded
low-iq,lower-iq,lowest-iq
high-iq,higher-iq,highest-iq
black-or-white,-white,-white
high-fat,higher-fat,highest-fat
squammy,squammier,squammiest
scace,scacer,scacest
low-paying,lower-paying,lowest-paying
high-paying,higher-paying,highest-paying
thungry,thungrier,thungriest
gammie,gammier,gammiest
poor-quality,poorer-quality,poorest-quality
twunky,twunkier,twunkiest
coco-nutty,coco-nuttier,coco-nuttiest
dilfy,dilfier,dilfiest
roguey,roguier,roguiest
thic,thiccer,thiccest
q***r,q***rer,q***rest
low-growing,lower-growing,lowest-growing
high-grown,higher-grown,highest-grown
high-growth,higher-growth,highest-growth
high-gloss,higher-gloss,highest-gloss
sharp-toothed,sharper-toothed,sharpest-toothed
whimpy,whimpier,whimpiest
exploity,exploitier,exploitiest
rizzy,rizzier,rizziest
schnazzy,schnazzier,schnazziest
shnazzy,shnazzier,shnazziest
bookey,bookier,bookiest
pastey,pastier,pastiest
high-proof,higher-proof,highest-proof
low-proof,lower-proof,lowest-proof
lousey,lousier,lousiest
tripy,tripier,tripiest
tripey,tripier,tripiest
low-functioning,lower-functioning,lowest-functioning
smooth-haired,smoother-haired,smoothest-haired
long-furred,longer-furred,longest-furred
prosey,prosier,prosiest
noisey,noisier,noisiest
light-colored,lighter-colored,lightest-colored
dark-colored,darker-colored,darkest-colored
quenchy,quenchier,quenchiest
low-performance,lower-performance,lowest-performance
breezey,breezier,breeziest
short-run,shorter-run,shortest-run
squiggley,squigglier,squiggliest
scribbley,scribblier,scribbliest
fancy-shmancy,fancy-shmancier,fancy-shmanciest
tinfoily,tinfoilier,tinfoiliest
gapey,gapier,gapiest
long-living,longer-living,longest-living
long-locked,longer-locked,longest-locked
swicy,swicier,swiciest
queezy,queezier,queeziest
bootlicky,bootlickier,bootlickiest
greasey,greasier,greasiest
'ungry,'ungrier,'ungriest
small-grained,smaller-grained,smallest-grained
fine-threaded,finer-threaded,finest-threaded
low-rank,lower-rank,lowest rank
high-value,higher-value,highest-value
low-toned,lower-toned,lowest-toned
squinchy,squinchier,squinchiest
light-skinned,lighter-skinned,lightest-skinned
